<?xml version="1.0" encoding="UTF-8"?>
<addon id="plugin.video.example"
version="2.4.0"
name="The Ghost Addon"
provider-name="Kanan">
<requires>
  <import addon="xbmc.python" version="3.0.0"/>
</requires>
<extension point="xbmc.python.pluginsource" library="addon.py">
  <provides>video</provides>
</extension>
<extension point="xbmc.addon.metadata">
  <summary lang="en">Example Kodi Video Plugin</summary>
  <description lang="en_GB">The Ghost Kodi Add-On.</description>
  <disclaimer lang="en_GB">I dont any of this I just scrape it off the web using freely available tools</disclaimer>
  <assets>
    <icon>icon.png</icon>
    <fanart>fanart.jpg</fanart>
  </assets>
  <news>Updated to Newest Images</news>
</extension>
</addon>